"","101135-S45-L001","101184-S125-L001","101325-S44-L001","101432-S8-L001","101450-S103-L001","101534-S9-L001","101583-S11-L001","102681-S51-L001","103225-S78-L001","103584-S31-L001","104269-S50-L001","104850-S87-L001","125242-S105-L001","125359-S59-L001","125692-S92-L001","126221-S4-L001","126456-S38-L001","126681-S117-L001","126724-S100-L001","126858-S54-L001","127255-S102-L001","127515-S70-L001","128216-S76-L001","128348-S18-L001","128489-S8-L001","129227-S28-L001","129441-S5-L001","129700-S54-L001","207340-S80-L001","207639-S128-L001","208194-S70-L001","208823-S20-L001","208901-S66-L001","209012-S40-L001","209218-S21-L001","210494-S104-L001","224863-S113-L001","224928-S31-L001","224989-S61-L001","225117-S14-L001","230864-S97-L001"
"ASV_1",0.232250635324015,0,0.055833401656145,0,0.277470971396205,0,0.146926750457364,0.0291187260296815,0.00049022491519109,0,0.075909661229611,0.00111535326669813,0.214015151515152,0,0,0.218253294869619,0.000534816557920633,0.0436530161763252,0.000688389169343736,0.126209656989411,0.0523610664953421,0.0267749457264614,0.122907206730367,0,0.0143617194895062,0,0.000420316786125122,0.238811541189205,0.00135020650217092,0,0,0,0.000821439572851422,0.0154866882182692,0.036959025835116,0.00736937007565364,0,0.000621487945723386,0.119787607170694,0.000683250246729256,0.000449415759512634
"ASV_2",0.0812420584498094,0.119348106926364,0.0906780355825203,0.142756370690415,0.0815632965165675,0.187401940844907,0.0799971488987622,0.0680965482741371,0.119203090377865,0.118814169861114,0.127711059329629,0.106473338767106,0.19230413895048,0.0417786779598601,0.108676083644925,0.113043724192545,0.0960797946304418,0.137152834975126,0.0715924736117485,0.0460556315549476,0.146540898869842,0.0965398944011149,0.107139872412736,0.113698899371069,0.0739954956425237,0.0671766285551532,0.105167684275728,0.0752491508342354,0.162157153446998,0.0824847723996838,0.102372139973082,0.0795432300163132,0.12668138412568,0.0902967012507828,0.120322527562942,0.0901963858727608,0.128857786739414,0.0724292410078463,0.0948217069368667,0.0900625047447934,0.113402576650355
"ASV_3",0.173522871664549,0.0707542482361125,0.0587029597441994,0.101534256238427,0.0911214953271028,0.109680980882097,0.0818978830573309,0.0370601967650492,0.0321391454399278,0.0417043900371776,0.0598972336738962,0.0594140105529578,0.0653409090909091,0.0819002025409685,0.251280986013018,0.0610328638497653,0.204888223339395,0.10130794320166,0.130702156952731,0.10609515123879,0.099348772011798,0.113987832006647,0.0711201493160988,0.048250786163522,0.0817965205470509,0.088985636977662,0.190934430581364,0.0870068306520847,0.129222704648946,0.21183800623053,0.0130663974876626,0.0739967373572594,0.0489526645446144,0.156339386964101,0.0507816356754978,0.0373564344792442,0.067963468153244,0.0756920527228941,0.064521628994544,0.0348710681478857,0.102966144012783
"ASV_4",0.176977445997459,0.11481003014343,0.214123691618157,0.185257032007759,0.177888700084962,0.117729095240862,0.196535911996008,0.121769217942304,0.188716983351962,0.184366151060428,0.202784250463046,0.105744069323495,0.1332455654102,0.103314306757503,0.182488574989614,0.112393234911477,0.132046208150604,0.0716568378743452,0.124437815511703,0.114759081927345,0.0555149957655579,0.200905899064619,0.159261219600524,0.197474449685535,0.10222933054803,0.194958701224722,0.174741173347491,0.0951438916053899,0.13891242189982,0.198168038313107,0.030114401076716,0.175269168026101,0.152531060683848,0.114838447607603,0.103965772585157,0.140488416761397,0.0950065235440636,0.169277779216407,0.175467653936087,0.123693600222689,0.114725856386697
"ASV_6",0.00786213468869123,0.0514094537745536,0.0286135935066,0.0629574111630368,0.0187623902577174,0.0215875414027544,0.0124022903846611,0.102092713023178,0.183599035237367,0.208175216227149,0.0451992591264862,0.0800480459868732,0.0574417960088692,0.163266433437673,0.0462886026866085,0.0817353922733186,0.0653813242057974,0.12947649326261,0.176296466268931,0.0355170491969398,0.0173174079373887,0.0629037013213262,0.0231495668161685,0.0550314465408805,0.160231093122695,0.103999674492412,0.0721175117246261,0.0189989175469374,0.0450333580429948,0.0694657553354722,0.0788750560789592,0.0538009787928222,0.0753414108224664,0.081614000643163,0.0449563929570512,0.0738112970875309,0.161807614755071,0.0378589740269829,0.0793793842556508,0.0572917984664828,0.0417207630080895
"ASV_8",0.0131829733163914,0.00414058100632681,0.0619551255773278,0.0171942509478882,0.0101246105919003,0.0478528676855134,0.0211219083370952,0.0309738202434551,0.0421005157166108,0.0234815942056903,0.0463344685427496,0.0168160954056025,0.00919253510716925,0.0104216534708157,0.0207381249134469,0.0229933819786187,0.0366349342175634,0.0167034560010543,0.0183799908214777,0,0.0344303945331893,0.0513253464125861,0.0213945455051954,0.0721796383647799,0.0348271697620524,0.0348496561826098,0.0511680382267056,0.013474674330932,0.0244360902255639,0.0172037011205654,0.0798003589053387,0.0263621533442088,0.0307783139952767,0.048321852309463,0.0140200756952444,0.0334365567794285,0.0271142213260586,0.0217779734313903,0.0303731488698363,0.0185489789204646,0.00993708179366823
"ASV_10",0.0349428208386277,0.0767829341813243,0.0707824328386762,0.0466449166740146,0.0347281223449448,0.110320181300482,0.0351160635795576,0.115474403868601,0.0250210796713532,0.0544179685242617,0.0467527035908466,0.160782463214791,0.0473484848484848,0.0435463082305284,0.073743248857499,0.0243226426834097,0.0588565621991657,0.0457285935492373,0.0410050481872418,0.00704261032578406,0.0296118914814707,0.107796628340168,0.0377190294453576,0.0876080974842767,0.0498416946828998,0.0587744639296904,0.0919387664808424,0.0580418797357321,0.0287249814677539,0.0957827684009857,0,0.102446982055465,0.0624037375500565,0.0769426061642097,0.0392298831660359,0.119203480851397,0.0546317162851382,0.119973068855685,0.0468141075604053,0.0823443075132222,0.233646259862179
"ASV_12",0.00393106734434562,0.122494948491172,0.0234757180727501,0.114319724891985,0.0249929198527329,0.0171712476029984,0.0441445508327592,0.0612181090545273,0,0.0692504767591933,0.0143096134313198,0.0416541546909185,0.00198632668144863,0.00885656416866139,0.0259313114527074,0.0570450817353923,0.0513691303882768,0.0523177280664185,0.0590637907296925,0,0.00554857927167596,0.054246736887245,0.0486670195280943,0.0189661949685535,0.0250677285635016,0.0625381454205151,0.00415892398902752,0.0179164644843418,0.067510325108546,0.00232482447575208,0.0170760430686406,0.0507667210440457,0.0157613718040867,0.0445644263155222,0.0309034062859964,0.0212065383560033,0.13507294508362,0.0362016728383872,0.0436720576773188,0.0682238024141509,0.0600219714371317
"ASV_14",0.00631353240152478,0.00215310212328994,0.0445738023011123,0,0.028249787595582,0.0097623336626184,0.0141129511273729,0.0455227613806903,0.0366688236562935,0.023173386242367,0.00236004062854753,0,0.00438839615668884,0.00486098324433806,0.00931311452707381,0.00828666779795237,0.00318215851962777,0.00240503409877113,0.0102799449288665,0.00192531793078989,0.000759279268755658,0.0206105438074562,0.00598935844220966,0.00697720125786164,0.000946567875444724,0.00970419497904545,0.0326077338288647,0.0198947407711545,0.0101133114476332,0.000976426279815874,0.0144122925078511,0.0254486133768352,0.0346544819796694,0.0218336915864123,0.0568701662004278,0,0.0160123354287748,0.00209752181681643,0.0101081449727202,0.142445023660703,0.0293867971636872
"ASV_15",0.00555908513341804,0.000695617609062904,0.0251701238009347,0.00987567233929989,0.00548711413197395,0.0262362717182869,0.00677136543990116,0.0190095047523762,0.0153146263505696,0.0158534471134398,0.00678138256557328,0.00875123332332375,0.0147819660014782,0.00364573743325354,0.0100055393989752,0.0159228463148368,0.00722002353192855,0.0144960959377986,0.00580541532813217,0.0012666565334144,0.0259907134304821,0.0354319101605425,0.0128980137615957,0.00574882075471698,0.0145902013904756,0.0111486349025512,0.0303955402176799,0.0229554701205629,0.0357407603515832,0.0126005486585763,0.0179452669358457,0.012137030995106,0.0144778724715063,0.0116615608550683,0.023268059897976,0.0489592724706989,0.0107697781995018,0.0176088251288293,0.00986457521434139,0.0197636460257611,0.0057675022470788
"ASV_19",0.0240231893265565,0.0298453078936036,0.0165341204121232,0.0231020192222908,0.0246743132257151,0.0418385728397931,0.0283446981396564,0.0251792562948141,0.0132360727101594,0.0248107410475218,0.0343251478759634,0.01784565226717,0.0189855875831486,0.00964831522739827,0.0274200249272954,0.0218055319871033,0.0299229864156594,0.0238526669521958,0.0183111519045434,0.0402290115012413,0.0701749262623018,0.00935380986840342,0.0229545644482826,0.0361143867924528,0.0323465091229559,0.0121251576677381,0.0153526236616229,0.030196707849651,0.0428889124218998,0.0147393871762682,0.0221231493943472,0.0176835236541599,0.0133483930588356,0.0223922278828089,0.0150074049695573,0.009446905256556,0.0160835013640138,0.0236424372685605,0.0102055728760717,0.0189791735202571,0.0234694896634375
"ASV_22",0.00019853875476493,0.0871840736692173,0.0151676641797163,0.0780795344325897,0.00024780515434721,0.00906502411528851,0.00451424362660077,0.00262631315657829,0.0772790556307234,0,0.0241978849256139,0.0272403586289734,0.00360310421286031,0.0032774811268643,6.92424871901399e-05,0.00299790712144352,0,0.00378875234737917,0.00830656264341441,0,0.0648891744298105,0.000643241939374447,0.00738223249853748,0,0.110944283056435,0,0.000176975488894788,0,0.0191676374033676,0.0115311293997303,0.412628981606101,0.00114192495921697,0.00764965602217887,0.00125247533131358,0.012012506170808,0.0196777860530751,0.00130470881271498,0.01589973327809,0,0,0
"ASV_24",0.0295028589580686,0.00122561197787274,0.00631302779371977,0.00886165241160392,0.00594732370433305,0.0114184438375269,0.0594454608092376,0.00821243955310989,0.00870639449379375,0.0209774045036889,0.0143693612953337,0.0229934365750075,0.0215493348115299,0.0542441539311361,0.03960670267276,0.00376152497313196,0.0439886618889721,0.00856587487233552,0.0519045433685177,0.00932259208592998,0.0188943725724966,0.00302859746455469,0.00507006156503329,0.00525746855345912,0.00283970362633417,0.0956381983154982,0.0543314750906999,0.0103392930461722,0.0209149634650005,0.0362672618217325,0,0.033931484502447,0.00213060889208338,0.00577154172943148,0,0.00239112539688762,0.0213497805716997,0.0559080197840329,0.03125,0.0186248956145456,0.0220713073005093
"ASV_26",0.00817979669631512,0.01778793600318,0.0182011970156596,0.0180760074067543,0.00265505522514868,0.0118833168690801,0.0137328042956592,0.00727447056861764,0.0102555052257976,0.0110569606842217,0.0207922566768238,0.00913731714641157,0.0161215816703622,0.0152273982691954,0.00938235701426395,0.0060523785281973,0.0133704139480158,0.0143972589200409,0.0213859568609454,0.0249278005775954,0.0215226469643431,0.00972903433303851,0.0270217566927598,0.0100727201257862,0.00920455658191076,0.0112503560239248,0.0178302805061499,0.00865962450076518,0.0150375939849624,0.0170642116520203,0,0.0145187601957586,0.0377605503645138,0.0154866882182692,0.00809610004936646,0.00337109482184156,0.00538488909975092,0.0170650231763213,0.0171473109898675,0.0116911708884784,0.0221212423848996
"ASV_28",0.00297808132147395,0.0149392162708271,0.0324123418326911,0.00546689004496958,0.0181959784763523,0.0284153640536928,0.00997885433248592,0.00245956311489078,0.0018432456811185,0.00313986862635563,0.0011650833482703,0.0307151130367638,0.00260994087213599,0.0284109740379304,0.00148871347458801,0.00548673567509475,0.0281313509466253,0.00230619708101341,0.019229004130335,0,0.0137546359839967,0.0118463723834794,0.0177730729587431,0.00697720125786164,0.00166465384992003,0.00978557187614436,0.00391558269179719,0.0574446642529208,0.00251509054325956,0.0170642116520203,0.00389748766262898,0.07836867862969,0.139670397371393,0.0429565187955926,0.00997202567056113,0.0844341656540316,0.0251927410746056,0.0318771525493953,0.00567517537022603,0.00956550345420958,0.00324578048536902
"ASV_29",0.00107210927573062,0.0225247606744178,0.000929190238036676,0.00180760074067543,0.000389408099688474,0.000377709338137021,0.00755541828031077,0.00216775054193764,0.00111771280663568,0.00560553233294165,0.00113520941626337,0.00231650293852688,0.00224039172209904,0.000718099797459031,0.000934773577066888,0.000905028564964082,0.00387742004492459,0.00187790333739663,0.00484167049105094,0,0.0110679554945536,0.0141245209187639,0.00390004735771791,0.00275157232704402,0.00150145249208473,0.00415022175204459,0.00117246261392797,0,0.0724346076458753,0,0.00072902646926873,0.00440456769983687,0.0222558784269432,0.00118477396205338,0,0.00505664223276234,0.00208753410034397,0.00103581324287231,0.00124220576773188,0.00149302831692689,0.00182263058024568
"ASV_30",0.0216804320203304,0.00768491834774256,0.0240769588150092,0,0.00977060322854715,0.0226044511592771,0.00548836988286726,0.0139444722361181,0.015295017353962,0.0102286517827904,0.00480970305311585,0.0195615803697825,0.00371858832224686,0.00692321856011784,0.0142639523611688,0.0052321963911986,0.0106428495026206,0.0190425987546536,0.00355667737494263,0.00724527537113036,0.0154776158630961,0.0141781244137118,0.00610078836671588,0.0162637578616352,0.0139373959591344,0.00705944582333076,0,0.0153782986823933,0.0228211373504183,0.00539359278374483,0.00179452669358457,0.019347471451876,0.00639182667625013,0.00436673831728247,0.00575942076682574,0.00881972482458547,0.0117186573360218,0.00738016935546521,0.0125194855806703,0.0297087329503758,0.0169529611505043
"ASV_31",0.0187420584498094,0.0400476994931929,0.0402558006067066,0.0296270170178997,0.0309756442934013,0.0439014469173107,0.0358763572429851,0.0346214774053694,0.0260015295017354,0.0472906593724115,0.0388958594730238,0.0236798078160525,0.0277161862527716,0.0302154299392377,0.0352444259797812,0.0241812319701341,0.0280243876350412,0.0457615392218232,0.0223267553923818,0.0322237422100623,0.0710510177262506,0.0268285492214092,0.0314232387107558,0.0423054245283019,0.0376342331168195,0.0287463889001912,0.0310370763649235,0.031876376395058,0.0428094885100074,0.027897893709025,0.0238615971287573,0.0320065252854812,0.0461032960262861,0.0361525311849432,0.0353792989962152,0.0367292540472737,0.0264025619736686,0.0316699899008209,0.0320781371784879,0.0424880431206822,0.0605462898232298
"ASV_35",0.0380797331639136,0.059458743250853,0.0432073460687054,0.0228815801075743,0.01738176154064,0.0194956127607647,0.0156335384542279,0.0635526096381524,0.0126085848187148,0.0116348506154528,0.0520403895560734,0.0239371970314444,0.0163525498891353,0.031062419443933,0.0122212989890597,0.0634934102607614,0.0213124398331372,0.0866141732283465,0.0106011932078935,0.0348077215382277,0.0164121134246415,0.00991664656535606,0.050505613282447,0.0642197327044025,0.0375689525736854,0.00142409569923099,0.0206176444562428,0.0366914262252249,0.0113840940379117,0.014553401218208,0.000953342305966801,0.0136378466557912,0.0152479720710545,0.0362033072118884,0.0530524930064176,0.0056446238877347,0.0253113509666706,0.0129994561980475,0.0343676929072486,0.0501809347875598,0.0259912114251473
"ASV_36",0.0258100381194409,0.0307727980390208,0.0168074116586046,0.0126972930076713,0.00955819881053526,0.0212098320646174,0.0117607926061441,0.0238869434717359,0.0129615467576524,0.00866834896846647,0.0181036027962,0.0147998798850328,0.0148512564671101,0.0137543730436384,0.031193740479158,0.0136885570450817,0.0128623382179912,0.0187790333739663,0.0149380449747591,0.0348077215382277,0.0302835616038314,0.0109619147168395,0.0203638187035128,0.0335102201257862,0.0231093122694781,0.0102534890344631,0.0164144765949916,0.0150050390056362,0.0158583077411839,0.0195285255963175,0.00678555406011664,0.0154649265905383,0.0152479720710545,0.0226968840444798,0.0229718611156821,0.0132883854023754,0.0133791958249318,0.00722479736903436,0.0117157053780203,0.0130070602525495,0.0200239688405073
"ASV_37",0.00798125794155019,0.0123223690748286,0.0105217129895329,0.0236751609205537,0.0142310960067969,0.0113312801441106,0.0123072536767326,0.0234700683675171,0.0169421730690041,0.0192244717122879,0.00758797872976041,0.0190897001415641,0.0118255728011826,0.0164794697109188,0.0176222129898906,0.0117936534871882,0.0367418975291475,0.0106085065726617,0.0476824231298761,0.0140852206515681,0.0201793067196215,0.0295623274637506,0.0191659470150709,0.0263364779874214,0.00695237784378366,0.0395695162143467,0.0175648172728077,0.0290022768840282,0.00722757598220904,0.0220393360301297,0.0469380888290713,0.0182707993474715,0.036117671218811,0.00683783829527952,0.027908507487247,0.0450785935478813,0.0206143992408967,0.0331460237719139,0.0218238503507405,0.0131841992054053,0.00843902926195945
"ASV_47",0,0.00751929510748948,0.00248695034298051,0.00264526937659818,0.0038232795242141,0.00554942181416701,0.0094086340849153,0.000750375187593797,0.00331392042669177,0.000404522951861769,0.00358487184083169,0.0341469692419888,0.00189393939393939,0.0163505800036826,0,0.011963346343119,0.00155096801796984,0.00253681678911475,0.00119320789352914,0,0.00032123353678124,0,0.0116165696297741,0.00643671383647799,0.000718085974475308,0.008239410831265,0.00513228917794885,0.0164980777126647,0.00963676797627873,0.00437067001441391,0.000869223867205025,0.0115171288743883,0.000308039839819283,0.00123554998899853,0.00121770610498601,0.000587981654972365,0.00977345510615585,0.00598182147758759,0.00599181605611847,0.03125237239669,0
"ASV_53",0.00889453621346887,0.00255059789989731,0.0129540050832172,0.00462922140904682,0.0122840555083546,0.0100528793073392,0.0143030245432298,0.00275137568784392,0.0225503460987901,0.00868761196617418,0.0127860428989664,0.00450431126935781,0.0109247967479675,0.0295709814030565,0.00820523473203157,0.00121613213417048,0.0116857417905658,0.015748031496063,0.00392381826525929,0.0329330698687744,0.0153316006191046,0.000964862909061671,0.0309496615316043,0.00904088050314465,0.012631785096452,0.00832078772836392,0.00491106981683037,0.00556156918368109,0.00209149634650005,0.0132050030222718,0.0253196500672948,0.0032626427406199,0.017763630762912,0.00709171843000525,0.00684548296857002,0.0278311316686919,0.0159411694935358,0.0913069373591941,0.00915822291504287,0.0050864185034289,0.00147308498951363
"ASV_55",0.000754447268106734,0,0.00661364816484928,0.00855303765100079,0.00545171339563863,0.0154860828636179,0.00672384708593694,0.00610722027680507,0.0137851246151734,0.0132722054206076,0.00385373722889407,0.00317446698983313,0.00813008130081301,0.00697845700607623,0.0039122005262429,0.00455342496747554,0.0156433843191785,0.0127829209633315,0.00406149609912804,0,0.0310428408725871,0.016590281686366,0.00696437028163913,0.00383254716981132,0.0244149231321605,0.00856491841966066,0,0.00578552498973536,0.00987503971195595,0,0,0.00978792822185971,0.0121162336995585,0.00445136502885771,0.00230376830673029,0.015914703461252,0.0068793737397699,0.0127146075562576,0.00745323460639127,0.00199913961080042,0.00274642964146609
"ASV_59",0.00103240152477764,0.00546556692835139,0.00136645623240688,0.00255709373071158,0.00548711413197395,0.00142367365913185,0.00909976478414788,0.0518175754543939,0.0038237543384905,0.0304355363781712,0.0257214554579674,0.01647290978508,0.0191010716925351,0.076265881053213,0.00830909846281678,0.0187227784376944,0.0144133062359611,0.002800382169802,0.0169802661771455,0.0191518467852257,0.000700873171159069,0.0108815094744177,0.00228431345237764,0.0107606132075472,0.0153409276365179,0.00101721121373642,0.00316343686399434,0.00604680676346534,0.00328285502488616,0.00841586460222253,0.0236372812920592,0.00212071778140294,0.00143751925248999,0.0127109320786013,0.0201744281717953,0.0159931010152483,0.0258806784485826,0.014009374109848,0.0164166017147311,0.0103752815244072,0.00444422251073604
"ASV_61",0,0.00771804299579317,0.00286955808805444,0,0.00587652223166242,0,0.00921856066905842,0.017029348007337,0.000902013843951605,0,0.000418235048097031,0,0.00168606799704361,0,0.00308129067996122,0.00851292493919339,0.00735372767140871,0.00942246235956907,0.02088113813676,0.0101332522673152,0,0.0036450376564552,0.00342647017856645,0,0.00649541404184483,0.0124099768075843,0,0.00376992273524691,0.0014561050513608,0.0173896870786256,0,0.0257748776508972,0.00302905842488962,0.000270805477040773,0,0.0506448198816197,0.0150160123354288,0,0.00786730319563523,0.00288483437507908,0
"ASV_62",0,0.00202060353108748,0.00513787543384985,0.00101401992769597,0.000708014726706316,0.0004067639026091,0.00468055786547554,0.0106511589127897,0.00447085122654274,0.0023308227226321,0.0069905000896218,0.00428982025653125,0,0.0425151905726386,0,0.000735335709033316,0.000133704139480158,0,0.022418540614961,0,0,0.000375224464635094,0.0203916761846394,0.00063875786163522,0,0.0134271880213207,0,0.00100780112724422,0,0.00130190170642117,0.0044302377747869,0.0113866231647635,0,0.00495912529830916,0.00651637321046569,0,0.00064049341715099,0,0,0.00167016726978263,0.0135324078697693
"ASV_72",0.0115946632782719,0.00218622677134055,0.00207701347325845,0.00524645093025306,0.00566411781365052,0.0212679411935615,0.0107153888189313,0,0.012157577896739,0,0.000836470096194061,0.00596285015657844,0.00318736141906874,0.00136254833364021,0.00315053316715136,0.000876746422308954,0.013530858915392,0.00164728362929529,0.0039008719596145,0,0.00245305609905674,0.00927340462598161,0.00220074100899797,0.0120872641509434,0.00153409276365179,0.0108231273141555,0.00349526590567206,0.00365794483221978,0.0063274383140951,0,0,0.00528548123980424,0.0135024129787453,0.00587309378332177,0.00444298173440843,0.00286151072086551,0.00612027043055391,0.00116528989823135,0.00504189399844115,0.0061492522205633,0.00481873564366324
"ASV_78",0.000833862770012706,0.00314684156480837,0.000573911617610888,0,0.00130982724440668,0,0.00161562403478343,0.00135484408871102,0.00154911073200384,0.000481574942692582,0.00391348509290793,0.0051477843078375,0.00163987435328899,0.0173816976615725,0.000865531089876748,0.0206742462808982,0.00141726387848968,0.0114321483873093,0.000321248279027077,0.214672949283072,0.0170837835470023,0,0.0106415577903446,0.00201454402515723,0.0222933054803016,0.00516743296578101,0.00433589947792231,0.00966742562800941,0.0026474637297469,0.0233412377365509,0.00465455361148497,0.000456769983686786,0.00372214806448301,0.0248971785454361,0.00115188415336515,0,0,0.0110832016987337,0.00119349181605612,0.00936305893666017,0.00279636472585639
"ASV_81",0,0.00231872536354301,0.0139925118198464,0.000484966052376334,0.016142735768904,0.00168516473938056,0.0430991470455463,0.00625312656328164,0.0174912249740181,0.000597152928938801,0.0187309553683456,0.0169018918107331,0.00840724316334072,0.0728226845884736,0.000415454923140839,0.00794728208609084,0.00299497272435555,0.00154844661153757,0.00435979807251033,0.0204691695799767,0,0.00150089785854038,0.0235117140708137,0.00255503144654088,0.000359042987237654,0.0384709281035114,0.00652597115299531,0.00679332611697958,0.00121783331568358,0.0110196680150649,0.000280394795872589,0.0299510603588907,0.00379915802443783,0.00060931232334174,0.0061214415007405,0.00176394496491709,0.00102004507175898,0.0105911904083694,0.00131527669524552,0.00255586203406129,0.00019974033756117
"ASV_82",0.000317662007623888,0,0.00204968434861031,0.00595185609734591,0.00322146700651374,0.00598524028124818,0.00375394996317328,0.00195931298982825,0.00970645332078358,0.0011943058578776,0.000179243592041585,0.00197331731800438,0.00163987435328899,0.00289081200515559,0,0.00540188924712936,0.0037971975612365,0.00467828550719863,0.00881138136759982,0,0.000233624390386356,0.00554796172710461,0,0.00334119496855346,0.0136762737865979,0.00459779468608862,0.00433589947792231,0.00586017692508678,0.00346817748596844,0.00255730692332729,0.0153936742934051,0.00218597063621533,0.00236163877194784,0.0103075334698644,0.000888596346881685,0.00799655050762416,0.0065235440635749,0.0070176347204599,0.00850058456742011,0.00258116759875497,0.00282133226805153
"ASV_87",0.00639294790343075,0.0382589684984597,0.0133912710775874,0.00361520148135085,0.0167445482866044,0.0104596432099483,0.00555964741381358,0.0285142571285643,0.0268839343490794,0.00317839462177104,0.0266774212821892,0.0325168375445069,0.00630543237250554,0.028595102191125,0.0020772746157042,0.0162622320266983,0.00796876671301744,0.0363390768622541,0.00371730151445617,0.0232051476921518,0.0312180591653769,0.00447589182814719,0.0223974148257515,0.00909001572327044,0.0187355158794921,0.000732392073890223,0.00212370586673746,0.0215744093165615,0.0093984962406015,0.00790440321755707,0.00925302826379542,0.00779771615008157,0.00313173837149605,0.0119662170167392,0.159651143656409,0.0152483242522833,0.0068556517613569,0.00950358650335345,0.00959664848012471,0.0130070602525495,0.00838909417756916
"ASV_90",0.0120711562897078,0.0163635761370035,0.00278757071411003,0.00352702583546424,0.008071367884452,0.00952989714684177,0.00413409679488703,0.0034392196098049,0.00227464360648666,0.0100938107988365,0,0.0377933164600403,0.00279471544715447,0.00162032774811269,0.00474311037252458,0.00540188924712936,0.00176489464113809,0,0.00626434144102799,0,0,0,0.00771652227205616,0,0,0,0,0,0.00320343111299375,0.00106941925884596,0,0.00137030995106036,0.00418420782421193,0.0167053128649527,0.0229718611156821,0,0,0,0.0179998051441933,0.0186248956145456,0.00334565065414961
"ASV_93",0.0156051461245235,0.0034449633972639,0.00603973654723839,0.026761308526585,0.0065137354856981,0.0131617177058516,0.0118795884910547,0.0083791895947974,0.010177069239367,0.00778225107391212,0.00833482702993368,0.008922826133585,0.0180848115299335,0.0058184496409501,0.0165835756820385,0.00616550709881781,0.00689913359717617,0.0188449247191381,0.0147774208352455,0.00344530577088717,0.0289986274567065,0.00991664656535606,0.00741008997966404,0.0549331761006289,0.0094983190260143,0.0182080807258819,0.0103530661003451,0.00862229853308947,0.00473896007624696,0.0147393871762682,0.011916778824585,0.00933115823817292,0.00682821644932745,0.0102736827852343,0.01369096593714,0.0125044098624123,0.0108409441347408,0.0114716316648108,0.0194368667186282,0.0105271149125693,0.0129581543992809
"ASV_99",0.000238246505717916,0,0.000519253368314613,0,0.000212404418011895,0,0,0,0.00115693079985097,0,0.00182230985242278,0,0.000415742793791574,0.000276192229791935,0,0.000791899994343571,0,0,0.00018357044515833,0,0,0.00294819222213288,0.000835724433796696,0,0,0.0015054725963299,0,0,0,0,0,0.000293637846655791,0,0,0.000362020733914761,0,0,0.000388429966077116,0,0.000303666776324114,0
"ASV_117",0.00623411689961881,0.000397495776607374,0.00267825421551748,0,0.00350467289719626,0.000987855192050671,0.00166314238874765,0.000750375187593797,0.00692197580249819,0.00229229672721669,0.00713986974965645,0.00493329329501094,0.00542775314116778,0.0028355735591972,0.00204265337210913,0,0.00425179163546903,0.00125193555826442,0.00580541532813217,0,0.00356277195339193,0.00246576076760205,0.00473577179151461,0.00388168238993711,0.0020889773802918,0.00101721121373642,0.00314131492788249,0.00261281773729984,0.00360055067245579,0.00320825777653787,0.00120569762225213,0.00215334420880914,0.00718759626244994,0.00484064790210382,0.00786572321869343,0.0023127278428913,0.00408018028703594,0.002019835823601,0.00487139516757599,0.00526355745628464,0.00252172176170978
"ASV_123",0,0.00188810493888502,0.00117515235986991,0.00604003174323252,0.00375247805154347,0.00409669359056308,0,0.00162581290645323,0.00325509343686884,0,0.00295751926868614,0.00223070653339625,0.00427291204730229,0.00244890443748849,0.00595485389835203,0,0.00310193603593967,0.00405231772806642,0.000757228086278109,0.00607995136038912,0.00519814268609643,0.00345742542413765,0.00342647017856645,0.00653498427672956,0.00453699774782126,0.00360092769662693,0.004380143350146,0.00223955806054272,0.00211797098379752,0.00227832798623704,0.00426200089726335,0.00283849918433932,0,0.00473909584821353,0.00677966101694915,0.00501744345576418,0.00249080773336496,0.00393609032291478,0.00246005455962588,0.00139180605815219,0.00471886547488265
"ASV_131",0.00186626429479034,0.00539931763225016,0.00295154546199885,0.00216030332422185,0.00438969130557916,0.00950084258236969,0.00494190881227874,0.00779556444889111,0.00176480969468792,0.00367923256217133,0.00101571368823565,0.0030886705847025,0.0064440133037694,0.00228318909961333,0.00266583575682039,0,0.00435875494705316,0.000527130761374494,0.00300596603946765,0,0.0123236865928803,0.00107206989895741,0.00309218040504778,0.00363600628930818,0.00199105656559063,0.00170891483907719,0.00407043624458013,0.00421783434735546,0.00434184051678492,0.000790440321755707,0.00114961866307761,0.0109624796084829,0.0036964780778314,0.00384205270551597,0.000789863419450387,0.0043510642467955,0,0.00528264753864878,0.0028010522213562,0.0060480299617886,0.00893838010586238
"ASV_133",0.00778271918678526,0.0061943091854649,0.00191303872536963,0,0.004708297932597,0.00101690975652275,0.00185321580460453,0.000375187593796898,0.00325509343686884,0.000577889931231098,0.00743860906972576,0.00669211960018875,0.00293329637841833,0.000497146013625483,0,0.00296962497878839,0.00339608514279602,0.00207557737291207,0.00814593850390087,0,0.00487690914931519,0.00254616601002385,0.0044850544613756,0.00437303459119497,0.00936775793974606,0,0.0014158039111583,0.00272479564032698,0,0.00311526479750779,0,0.00104404567699837,0.00351678817127015,0.00492527461367906,0.00733914760572651,0.00223433028889499,0.00780453089787688,0.00644793743688013,0.01298226812159,0.00769289166687755,0.000549285928293219
"ASV_150",0.00138977128335451,0,0.00297887458664699,0.00740675425447491,0.000672613990371,0.00371898425242606,0.00655753284706218,0,0,0.00564405832835706,0,0.00338895800265969,0.000854582409460458,0.000699686982139569,0,0.000141410713275638,0.000187185795272222,0.000922478832405364,0.00110142267094998,0,0.00680431037000263,0.00375224464635094,0,0,0,0.00278715872563779,0.00362799752234316,0,0,0,0.00658927770300583,0,0,0.000169253423150483,0.00556195491196314,0.00783975539963153,0.00429367809275294,0.000543801952507963,0.001826773187841,0.00230280638712453,0
"ASV_168",0.00115152477763659,0,0.00388073570003553,0.00101401992769597,0.00233644859813084,0.00281829275379162,0.00263726864501414,0.000396031349007837,0.0022942526030943,0,0.00457071159706041,0.00248809574878813,0.00325665188470067,0.000902227950653655,0,0.000989874992929464,0.0027008236174992,0,0.00266177145479578,0,0.004263645124551,0.0022781485352845,0.00158787642421372,0.00103183962264151,0.000881287332310605,0.00425194287341824,0,0.00145571273935277,0,0,0.00224315836698071,0,0.00210493890543177,0.0030127109320786,0.00157972683890077,0.0030575046058563,0.00303641323686395,0.00183856850609835,0.00153448947778644,0.00779411392565225,0.00137321482073305
"ASV_172",0.000436785260482846,0.00125873662592335,0,0.00771536901507804,0,0.00119123714335522,0,0.00120893780223445,0.00364727336902171,0.0017914587868164,0.000209117524048515,0,0.000554323725055432,0.00270668385196096,0.00349674560310206,0.000593924995757679,0.000374371590544443,0.00187790333739663,0,0.00643461518974515,0.00306632012382093,0,0.000501434660278018,0.00343946540880503,0.000979208147011783,0.000773080522439679,0,0,0.0056390977443609,0.00102292276933092,0.00796321220278152,0.00153344208809135,0.000770099599548208,0.000727789719547078,0,0.00235192661988946,0.00125726485588898,0.00251184711396535,0,0.000404889035098818,0.00147308498951363
"ASV_196",0.000913278271918679,0.00059624366491106,0.00185838047607335,0,0.00208864344378363,0.00249869254459876,0,0.00275137568784392,0,0.00204187775701655,0.000597478640138615,0.00510488610527219,0.00073909830007391,0.00532130362732462,0.00411992798781332,0.00155551784603202,0,0.00359107831186374,0,0.00455996352029184,0.00181058902549426,0.00313580445445043,0.00175502131097306,0.00329205974842767,0.00310082579887065,0,0.00398194850013273,0.00257549176962413,0.00426241660489251,0.00106941925884596,0,0.00212071778140294,0,0.00311426298596889,0,0.00450785935478813,0,0,0.0023139127045986,0.00032897234101779,0
"ASV_213",0.00103240152477764,0.00407433171022558,0.000765215490147851,0,0.000106202209005947,0,0.000617738601534843,0.00231365682841421,0.00123536678628155,0.000577889931231098,0.00140407480432575,0.00167302990004719,0.00127032520325203,0.00215429939237709,0.0010386373078521,0.0016403642739974,0.00197882126430634,0.00141666392119395,0.00142267094997705,0.00420529969093581,0.00248225914785504,0.000428827959582965,0.000612864584784244,0.00201454402515723,0.00316610634200477,0.000284819139846198,0,0.00018662983837856,0.00100603621730382,0.00139489468545125,0.00148609241812472,0.00120717781402936,0.000641749666290173,0.001049371223533,0.00177719269376337,0.00133275841793736,0.00161309453208398,0.00176088251288293,0.000584567420109119,0.00141711162284586,7.49026265854389e-05
"ASV_217",0,0.000529994368809831,0,0.002909796314258,0.000531011045029737,0.000900691498634436,0.000498942716624296,0.00229281307320327,0.00150989273878856,0.0011750428601699,0,0.000643473038479688,0.000554323725055432,0.00202540968514086,0.00533167151364077,0.00149895356072176,0.0010161514600492,0.00497479656047178,0,0.0148452145716168,0.0010805128055369,0.000348422717161159,0.000891439396049809,0.00162146226415094,0.00310082579887065,0.00050860560686821,0.00106185293336873,0.00074651935351424,0.00198559779731018,0.00251081043381225,0.00266375056078959,0.0032626427406199,0,0.000558536296396595,0.000493664637156492,0.00195993884990788,0.000521883525085992,0.00328870704611958,0.000803780202650039,0,0.00319584540097873
"ASV_229",0.00123094027954257,0,0.00213167172255473,0.0013667225112424,0.000601812517700368,0.00514265791155791,0.00130675473401601,0.00189678172419543,0,0,0.00340562824879011,0.00184462271030844,0.00431910569105691,0.000736512612778494,0.0017310621797535,0.00214944284178969,0.00128355973900952,0.00500774223305769,0,0,0.00353356890459364,0.00112567339390528,0.00161573390534028,0.00167059748427673,0.00264386199693181,0.000854457419538593,0,0.00190362435146131,0,0.000697447342725624,0,0.00104404567699837,0.00105246945271588,0,0.00309363172618068,0.00246952295088393,0.000996323093345985,0.00121708056037496,0.00153448947778644,0.0010628337171344,0.00169779286926995
"ASV_253",0.00202509529860229,0.000496869720759217,0.00199502609931404,0,0.000955819881053526,0,0.000403906008695859,0.000416875104218776,0.00315704845383062,0,0.0066021389735317,0.000772167646175625,0.000946969696969697,0.00086540232001473,0.000796288602686609,0.000791899994343571,0.00141726387848968,0.00079069614206174,0.00188159706287288,0.0012666565334144,0,0.000589638444426577,0.00122572916956849,0.00167059748427673,0.0020889773802918,0.000345851812670383,0.000553048402796213,0.000671867418162816,0,0.000836936811270749,0,0.000946166394779772,0.00225895882534141,0.00230184655484657,0.0021063024518677,0.00446866057778997,0.000545605503498992,0.00230468446539089,0.000779423226812159,0.000531416858567199,0.00067412363926895
"ASV_263",0.000913278271918679,0.00162310775448011,0.00183105135142521,0,0,0.00209192864198966,0.00133051391099812,0,0.00100005882698982,0,0,0.00158723349491656,0,0.00093905358129258,0.00197341088491899,0.00200803212851406,0.000748743181088886,0.00467828550719863,0.000826067003212483,0.000962658965394943,0,0,0.0012814441318216,0.000982704402515723,0.00192577602245651,0,0,0.00205292822216416,0.00217092025839246,0,0.00145805293853746,0.000848287112561175,0.00182256905226409,0,0.00299489879874938,0.000783975539963153,0,0.000828650594297848,0.00192420109119252,0.000531416858567199,0
"ASV_272",0.00325603557814485,0,0.00199502609931404,0,0.000424808836023789,0,0.000332628477749531,0.000583625145906286,0.000254916955899367,0.000423785949569472,0.00507856844117823,0.000815065848740938,0.00302568366592757,0,0.000727046115496469,0.00132926070479099,0.00096266980425714,0.000131782690343623,0.00112436897659477,0,0.00134334024472155,0.00152769960601431,0.00253503078251664,0,0.00146881222051767,0.000244130691296741,0.000862755508362092,0.00153036467470419,0,0.000604454363695541,0.000448631673396142,0.00163132137030995,0.000359379813122497,0.000998595196587851,0.00164554879052164,0,0.000806547266041988,0.000725069270010617,0.00236262665627436,0.00065794468203558,0
"ASV_412",0,0,0.000300620371129513,0.000969932104752667,0,0.000755418676274043,0,0.000416875104218776,0.00131380277271212,0.000809045903723538,0.000268865388062377,0,0.000392645971914265,0.00114159454980667,0.000865531089876748,0.000452514282482041,0,0.000296511053273153,0,0.000607995136038912,0.000934497561545425,0.000214413979791482,0,0.000687893081761006,0.00058752488820707,0,0,0,0.000767764481626602,0,0.000813144908030507,0.000815660685154976,0,0.000270805477040773,0,0,0.000569327481911991,0.000388429966077116,0.00017049883086516,0.000506111293873523,0.000174772795366024
"ASV_487",0,0.000165623240253072,0.00235030471973983,0.000617229521206243,0,0.000987855192050671,0,0.000437718859429715,0.000647096888052238,0.000654941922061911,0,0.000815065848740938,0.00117793791574279,0.000441907567667096,0,0.00022625714124102,0,0.000131782690343623,0.000137677833868747,0.00050666261336576,0.000204421341588062,0.000241215727265418,0,0.000687893081761006,0.000783366517609427,0,0.000464560658348819,0.000149303870702848,0.000503018108651912,0.000232482447575208,0.000588829071332436,0.000522022838499184,7.70099599548208e-05,0.000897043142697561,0.000197465854862597,0,0.000426995611433994,0.000284848641789885,0.0002435697583788,0.000835083634891313,0.000374513132927195
